{"zed_left": {"camera_matrix": [[516.99581813,   0.0,         609.63411432], [  0.0,         519.37194634, 351.35083809], [  0.0,           0.0,           1.0        ]], "dist_coeff": [[-0.09330866,  0.03424214, -0.00236473, -0.00216284,  0.05412352]]},
  "zed_right": {"camera_matrix": [[517.16920545,   0.0,         636.74797893], [  0.0,         518.86973567, 355.52526113], [  0.0,           0.0,           1.0        ]], "dist_coeff": [[-0.10661979,  0.09174879, -0.00116229, -0.00130349, -0.02656469]]},
  "d435_color": {"camera_matrix": [[873.21115328,   0.0,         657.38666053], [  0.0,         881.10732799, 341.10117192], [  0.0,           0.0,           1.0        ]], "dist_coeff": [[ 0.1303255,  -0.55975368, -0.00160648,  0.008267,    0.63206746]]}}