{"d435_zed_left": {"R": [[0.9993592101179354, -0.02371545119594609, 0.026809448465586454], [0.024683521178161916, 0.999033346108765, -0.03637440233147056], [-0.02592089764463162, 0.03701284557146556, 0.9989785564905782]], "T": [[0.028993333010096583], [-0.05917609134021609], [0.0044895797386135024]], "F": [[9.162357862109612e-08, -4.2594504815462916e-07, -0.0032292938111287985], [3.357159077515118e-07, -7.492235207682759e-08, -0.0018093188252571522], [0.0018185007624931498, 0.0011952068548999064, 1.0]], "E": [[0.00142307877008, -0.006675515399187521, -0.058952340526092134], [0.005238236078673709, -0.0011795981664861764, -0.028843354801642414], [0.05985382944900537, 0.02756191878577676, 0.0005318632113408008]], "H": [[-462.61263025359233, -14.262435307388971, 171318.89515720465], [10.547445320146004, -459.5883622768194, 121917.28677266478], [0.0013882582118410196, -0.002532617685798392, -269.9783833675113]]}, "d435_zed_right": {"R": [[0.9996688222792959, -0.023504611755906322, 0.010477546894656468], [0.023880515186662152, 0.999017774948665, -0.037325679244164627], [-0.009589929986460442, 0.03756352702852562, 0.999248224757008]], "T": [[-0.0935034925899912], [-0.056110623019520606], [0.007892842339225872]], "F": [[1.5968411300196946e-07, -4.523279198291115e-06, -0.020806719385597174], [3.1838073575293755e-06, 1.500954250432853e-06, 0.034570345082315344], [0.011488755268376736, -0.019829714013739428, 1.0]], "E": [[0.00034961180490606476, -0.00999280269613522, -0.05577383474078697], [0.006993536458262552, 0.003326802776331596, 0.09351589660487013], [0.053859128856480476, -0.09473050952663785, 0.004077983056598553]], "H": [[-44.27893057783245, -0.39504652477205315, 5465.783601948667], [0.4636634874677156, -43.145399641544685, 3984.7077074207423], [-0.0020040592099666533, 0.0016788719965012177, -25.378254389511685]]}, "zed_left_zed_right": {"R": [[0.9998352147341469, 0.0009748958741761722, -0.01812713313121586], [-0.0009674413998291329, 0.9999994438294265, 0.00041999758990024554], [0.018127532503355387, -0.00040239144143438714, 0.9998356018098514]], "T": [[-0.12005426162806747], [0.0013851161896637992], [0.002857333932924153]], "F": [[2.1800491181065862e-07, -2.2250302377570135e-05, 0.013279851301982167], [3.9237032569827366e-05, -3.532625460276017e-07, 0.4597768322442384], [-0.01922058700241464, -0.46910511207852845, 1.0]], "E": [[2.787304188890171e-05, -0.0028578897026592135, 0.0013836884057037047], [0.00503315061622151, -4.552320432450777e-05, 0.11998272965213373], [-0.0012687424799993376, -0.12005554520147849, -2.5314314968803733e-05]], "H": [[-2.0707963208827733, -0.001434519850731344, -102.7527063000955], [0.024401093865874676, -2.1308447434724527, -2.870934926407123], [7.597341470056356e-05, -1.6755465251073673e-06, -2.1697491991102766]]}}