{"zed_left": {"R": [[-0.024713752972019276, -0.023532614153205345, 0.999417553620685], [-0.999390567501792, -0.024071177448951486, -0.02527987350972044], [0.02465205878794674, -0.9994332366333121, -0.022923383480153436]], "T": [[0.48569070422960303], [-0.037224007915642066], [0.2406767758211949]]}, "zed_right": {"R": [[-0.008434661422532574, -0.020374598486019913, 0.9997568365473779], [-0.999653741980669, -0.024748846485408316, -0.008938162097862745], [0.024924939934395318, -0.9994860530963776, -0.020158795477200897]], "T": [[0.49220587649285075], [0.08495689098524006], [0.23194093449041142]]}, "d435_color": {"R": [[-0.034878893230571584, 0.01560728059546762, 0.9992696711095682], [-0.9993911549863015, -0.001429514415677291, -0.03486080641181044], [0.0008843880125467551, -0.9998771770977423, 0.01564763806117564]], "T": [[0.49728954285597005], [0.05738609219905744], [0.29313601200409767]]}}